
================================================================================
PHASE 1 - Processing: r001.txt
================================================================================
    Generating encoding...
      ✓ Valid on first attempt

================================================================================
PHASE 1 - Processing: r002.txt
================================================================================
    Generating encoding...
      ✓ Valid on first attempt

================================================================================
PHASE 1 - Processing: r003.txt
================================================================================
    Generating encoding...
      ⚠ Attempt 1 failed:
         Error: (error "line 637 column 58: invalid function application, arguments missing")
      🔧 Requesting repair (attempt 2)...
      ✓ Repaired successfully after 1 attempt(s)

================================================================================
PHASE 1 - Processing: r004.txt
================================================================================
    Generating encoding...
      ✓ Valid on first attempt

================================================================================
PHASE 1 - Processing: r005.txt
================================================================================
    Generating encoding...
      ✓ Valid on first attempt

================================================================================
PHASE 1 - Processing: r006.txt
================================================================================
    Generating encoding...
      ⚠ Attempt 1 failed:
         Error: (error "line 638 column 60: invalid function application, arguments missing")
      🔧 Requesting repair (attempt 2)...
      ✓ Repaired successfully after 1 attempt(s)

================================================================================
PHASE 1 - Processing: r007.txt
================================================================================
    Generating encoding...
      ✓ Valid on first attempt

================================================================================
PHASE 1 - Processing: r008.txt
================================================================================
    Generating encoding...
      ✓ Valid on first attempt

================================================================================
PHASE 1 - Processing: r009.txt
================================================================================
    Generating encoding...
      ✓ Valid on first attempt

================================================================================
PHASE 1 - Processing: r010.txt
================================================================================
    Generating encoding...
      ✓ Valid on first attempt

================================================================================
PHASE 1 - Processing: r011.txt
================================================================================
    Generating encoding...
      ✓ Valid on first attempt

================================================================================
PHASE 1 - Processing: r012.txt
================================================================================
    Generating encoding...
      ✓ Valid on first attempt

================================================================================
PHASE 1 - Processing: r013.txt
================================================================================
    Generating encoding...
      ✓ Valid on first attempt

================================================================================
PHASE 1 - Processing: r014.txt
================================================================================
    Generating encoding...
      ✓ Valid on first attempt

================================================================================
PHASE 1 - Processing: r015.txt
================================================================================
    Generating encoding...
      ✓ Valid on first attempt

================================================================================
PHASE 1 - Processing: r016.txt
================================================================================
    Generating encoding...
      ✓ Valid on first attempt

================================================================================
PHASE 1 - Processing: r017.txt
================================================================================
    Generating encoding...
      ✓ Valid on first attempt

================================================================================
PHASE 1 - Processing: r018.txt
================================================================================
    Generating encoding...
      ✓ Valid on first attempt

================================================================================
PHASE 1 - Processing: r019.txt
================================================================================
    Generating encoding...
      ✓ Valid on first attempt

================================================================================
PHASE 1 - Processing: r020.txt
================================================================================
    Generating encoding...
      ✓ Valid on first attempt

================================================================================
PHASE 1 - Processing: r021.txt
================================================================================
    Generating encoding...
      ✓ Valid on first attempt

================================================================================
PHASE 1 - Processing: r022.txt
================================================================================
    Generating encoding...
      ✓ Valid on first attempt

================================================================================
PHASE 1 - Processing: r023.txt
================================================================================
    Generating encoding...
      ✓ Valid on first attempt

================================================================================
PHASE 1 - Processing: r024.txt
================================================================================
    Generating encoding...
      ✓ Valid on first attempt

================================================================================
PHASE 1 - Processing: r025.txt
================================================================================
    Generating encoding...
      ✓ Valid on first attempt

================================================================================
PHASE 1 - Processing: r026.txt
================================================================================
    Generating encoding...
      ✓ Valid on first attempt

================================================================================
PHASE 1 - Processing: r027.txt
================================================================================
    Generating encoding...
      ✓ Valid on first attempt

================================================================================
PHASE 1 - Processing: r028.txt
================================================================================
    Generating encoding...
      ✓ Valid on first attempt

================================================================================
PHASE 1 - Processing: r029.txt
================================================================================
    Generating encoding...
      ✓ Valid on first attempt

================================================================================
PHASE 1 - Processing: r030.txt
================================================================================
    Generating encoding...
      ✓ Valid on first attempt

================================================================================
PHASE 1 - Processing: r031.txt
================================================================================
    Generating encoding...
      ✓ Valid on first attempt

================================================================================
PHASE 1 - Processing: r032.txt
================================================================================
    Generating encoding...
      ✓ Valid on first attempt

================================================================================
PHASE 1 - Processing: r033.txt
================================================================================
    Generating encoding...
      ✓ Valid on first attempt

================================================================================
PHASE 1 - Processing: r034.txt
================================================================================
    Generating encoding...
      ✓ Valid on first attempt

================================================================================
PHASE 1 - Processing: r035.txt
================================================================================
    Generating encoding...
      ✓ Valid on first attempt

================================================================================
PHASE 1 - Processing: r036.txt
================================================================================
    Generating encoding...
      ✓ Valid on first attempt

================================================================================
PHASE 1 - Processing: r037.txt
================================================================================
    Generating encoding...
      ✓ Valid on first attempt

================================================================================
PHASE 1 - Processing: r038.txt
================================================================================
    Generating encoding...
      ✓ Valid on first attempt

================================================================================
PHASE 1 - Processing: r039.txt
================================================================================
    Generating encoding...
      ✓ Valid on first attempt

================================================================================
PHASE 1 - Processing: r040.txt
================================================================================
    Generating encoding...
      ✓ Valid on first attempt

================================================================================
PHASE 1 - Processing: r041.txt
================================================================================
    Generating encoding...
      ✓ Valid on first attempt

================================================================================
PHASE 1 - Processing: r042.txt
================================================================================
    Generating encoding...
      ✓ Valid on first attempt

================================================================================
PHASE 1 - Processing: r043.txt
================================================================================
    Generating encoding...
      ✓ Valid on first attempt

================================================================================
PHASE 1 - Processing: r044.txt
================================================================================
    Generating encoding...
      ✓ Valid on first attempt

================================================================================
PHASE 1 - Processing: r045.txt
================================================================================
    Generating encoding...
      ✓ Valid on first attempt

================================================================================
PHASE 1 - Processing: r046.txt
================================================================================
    Generating encoding...
      ✓ Valid on first attempt

================================================================================
PHASE 1 - Processing: r047.txt
================================================================================
    Generating encoding...
      ✓ Valid on first attempt

================================================================================
PHASE 1 - Processing: r048.txt
================================================================================
    Generating encoding...
      ✓ Valid on first attempt

================================================================================
PHASE 1 - Processing: r049.txt
================================================================================
    Generating encoding...
      ✓ Valid on first attempt

================================================================================
PHASE 1 - Processing: r050.txt
================================================================================
    Generating encoding...
      ✓ Valid on first attempt

================================================================================
PHASE 1 - Processing: r051.txt
================================================================================
    Generating encoding...
      ✓ Valid on first attempt

================================================================================
PHASE 1 - Processing: r052.txt
================================================================================
    Generating encoding...
      ✓ Valid on first attempt

================================================================================
PHASE 1 - Processing: r053.txt
================================================================================
    Generating encoding...
      ✓ Valid on first attempt

================================================================================
PHASE 1 - Processing: r054.txt
================================================================================
    Generating encoding...
      ✓ Valid on first attempt

================================================================================
PHASE 1 - Processing: r055.txt
================================================================================
    Generating encoding...
      ✓ Valid on first attempt

================================================================================
PHASE 1 - Processing: r056.txt
================================================================================
    Generating encoding...
      ✓ Valid on first attempt

================================================================================
PHASE 1 - Processing: r057.txt
================================================================================
    Generating encoding...
      ✓ Valid on first attempt

================================================================================
PHASE 1 - Processing: r058.txt
================================================================================
    Generating encoding...
      ✓ Valid on first attempt

================================================================================
PHASE 1 - Processing: r059.txt
================================================================================
    Generating encoding...
      ⚠ Attempt 1 failed:
         Error: (error "line 637 column 57: Sort mismatch at argument #2 for function (declare-fun and (Bool Bool) Bool) supplied sort is FlowKind")
      🔧 Requesting repair (attempt 2)...
      ✓ Repaired successfully after 1 attempt(s)

================================================================================
PHASE 1 - Processing: r060.txt
================================================================================
    Generating encoding...
      ✓ Valid on first attempt

================================================================================
PHASE 1 - Processing: r061.txt
================================================================================
    Generating encoding...
      ✓ Valid on first attempt

================================================================================
PHASE 1 - Processing: r062.txt
================================================================================
    Generating encoding...
      ✓ Valid on first attempt

================================================================================
PHASE 1 - Processing: r063.txt
================================================================================
    Generating encoding...
      ✓ Valid on first attempt

================================================================================
PHASE 1 - Processing: r064.txt
================================================================================
    Generating encoding...
      ✓ Valid on first attempt

================================================================================
PHASE 1 - Processing: r065.txt
================================================================================
    Generating encoding...
      ✓ Valid on first attempt

================================================================================
PHASE 1 - Processing: r066.txt
================================================================================
    Generating encoding...
      ✓ Valid on first attempt

================================================================================
PHASE 1 - Processing: r067.txt
================================================================================
    Generating encoding...
      ✓ Valid on first attempt

================================================================================
PHASE 1 - Processing: r068.txt
================================================================================
    Generating encoding...
      ✓ Valid on first attempt

================================================================================
PHASE 1 - Processing: r069.txt
================================================================================
    Generating encoding...
      ✓ Valid on first attempt

================================================================================
PHASE 1 - Processing: r070.txt
================================================================================
    Generating encoding...
      ✓ Valid on first attempt

================================================================================
PHASE 1 - Processing: r071.txt
================================================================================
    Generating encoding...
      ✓ Valid on first attempt

================================================================================
PHASE 1 - Processing: r072.txt
================================================================================
    Generating encoding...
      ✓ Valid on first attempt

================================================================================
PHASE 1 - Processing: r073.txt
================================================================================
    Generating encoding...
      ✓ Valid on first attempt

================================================================================
PHASE 1 - Processing: r074.txt
================================================================================
    Generating encoding...
      ✓ Valid on first attempt

================================================================================
PHASE 1 - Processing: r075.txt
================================================================================
    Generating encoding...
      ✓ Valid on first attempt

================================================================================
PHASE 1 - Processing: r076.txt
================================================================================
    Generating encoding...
      ✓ Valid on first attempt

================================================================================
PHASE 1 - Processing: r077.txt
================================================================================
    Generating encoding...
      ⚠ Attempt 1 failed:
         Error: (error "line 635 column 37: unknown constant roadway_kind (Roadway RoadwayKind) 
declared: (declare-fun roadway_kind (Roadway) RoadwayKind) ")
      🔧 Requesting repair (attempt 2)...
      ✓ Repaired successfully after 1 attempt(s)

================================================================================
PHASE 1 - Processing: r078.txt
================================================================================
    Generating encoding...
      ✓ Valid on first attempt

================================================================================
PHASE 1 - Processing: r079.txt
================================================================================
    Generating encoding...
      ✓ Valid on first attempt

================================================================================
PHASE 1 - Processing: r080.txt
================================================================================
    Generating encoding...
      ✓ Valid on first attempt

================================================================================
PHASE 1 - Processing: r081.txt
================================================================================
    Generating encoding...
      ✓ Valid on first attempt

================================================================================
PHASE 1 - Processing: r082.txt
================================================================================
    Generating encoding...
      ✓ Valid on first attempt

================================================================================
PHASE 1 - Processing: r083.txt
================================================================================
    Generating encoding...
      ✓ Valid on first attempt

================================================================================
PHASE 1 - Processing: r084.txt
================================================================================
    Generating encoding...
      ✓ Valid on first attempt

================================================================================
PHASE 1 - Processing: r085.txt
================================================================================
    Generating encoding...
      ✓ Valid on first attempt

================================================================================
PHASE 1 - Processing: r086.txt
================================================================================
    Generating encoding...
      ✓ Valid on first attempt

================================================================================
PHASE 1 - Processing: r087.txt
================================================================================
    Generating encoding...
      ✓ Valid on first attempt

================================================================================
PHASE 1 - Processing: r088.txt
================================================================================
    Generating encoding...
      ✓ Valid on first attempt

================================================================================
PHASE 1 - Processing: r089.txt
================================================================================
    Generating encoding...
      ✓ Valid on first attempt

================================================================================
PHASE 1 - Processing: r090.txt
================================================================================
    Generating encoding...
      ✓ Valid on first attempt

================================================================================
PHASE 1 - Processing: r091.txt
================================================================================
    Generating encoding...
      ✓ Valid on first attempt

================================================================================
PHASE 1 - Processing: r092.txt
================================================================================
    Generating encoding...
      ✓ Valid on first attempt

================================================================================
PHASE 1 - Processing: r093.txt
================================================================================
    Generating encoding...
      ✓ Valid on first attempt

================================================================================
PHASE 1 - Processing: r094.txt
================================================================================
    Generating encoding...
      ✓ Valid on first attempt

================================================================================
PHASE 1 - Processing: r095.txt
================================================================================
    Generating encoding...
      ✓ Valid on first attempt

================================================================================
PHASE 1 - Processing: r096.txt
================================================================================
    Generating encoding...
      ✓ Valid on first attempt

================================================================================
PHASE 1 - Processing: r097.txt
================================================================================
    Generating encoding...
      ✓ Valid on first attempt

================================================================================
PHASE 1 - Processing: r098.txt
================================================================================
    Generating encoding...
      ⚠ Attempt 1 failed:
         Error: (error "line 632 column 57: unknown constant crossing_of_track (Vehicle Int) ")
      🔧 Requesting repair (attempt 2)...
      ✓ Repaired successfully after 1 attempt(s)

================================================================================
PHASE 1 - Processing: r099.txt
================================================================================
    Generating encoding...
      ✓ Valid on first attempt

================================================================================
PHASE 1 - Processing: r100.txt
================================================================================
    Generating encoding...
      ✓ Valid on first attempt

================================================================================
PHASE 1 - Processing: r101.txt
================================================================================
    Generating encoding...
      ✓ Valid on first attempt

================================================================================
PHASE 1 - Processing: r102.txt
================================================================================
    Generating encoding...
      ✓ Valid on first attempt

================================================================================
PHASE 1 - Processing: r103.txt
================================================================================
    Generating encoding...
      ✓ Valid on first attempt

================================================================================
PHASE 1 - Processing: r104.txt
================================================================================
    Generating encoding...
      ✓ Valid on first attempt

================================================================================
PHASE 1 - Processing: r105.txt
================================================================================
    Generating encoding...
      ✓ Valid on first attempt

================================================================================
PHASE 1 - Processing: r106.txt
================================================================================
    Generating encoding...
      ✓ Valid on first attempt

================================================================================
PHASE 1 - Processing: r107.txt
================================================================================
    Generating encoding...
      ✓ Valid on first attempt

================================================================================
PHASE 1 - Processing: r108.txt
================================================================================
    Generating encoding...
      ✓ Valid on first attempt

================================================================================
PHASE 1 - Processing: r109.txt
================================================================================
    Generating encoding...
      ✓ Valid on first attempt

================================================================================
PHASE 1 - Processing: r110.txt
================================================================================
    Generating encoding...
      ✓ Valid on first attempt

================================================================================
PHASE 1 - Processing: r111.txt
================================================================================
    Generating encoding...
      ✓ Valid on first attempt

================================================================================
PHASE 1 - Processing: r112.txt
================================================================================
    Generating encoding...
      ✓ Valid on first attempt

================================================================================
PHASE 1 - Processing: r113.txt
================================================================================
    Generating encoding...
      ✓ Valid on first attempt

================================================================================
PHASE 1 - Processing: r114.txt
================================================================================
    Generating encoding...
      ✓ Valid on first attempt

================================================================================
PHASE 1 - Processing: r115.txt
================================================================================
    Generating encoding...
      ✓ Valid on first attempt

================================================================================
PHASE 1 - Processing: r116.txt
================================================================================
    Generating encoding...
      ✓ Valid on first attempt

================================================================================
PHASE 1 - Processing: r117.txt
================================================================================
    Generating encoding...
      ✓ Valid on first attempt

================================================================================
PHASE 1 - Processing: r118.txt
================================================================================
    Generating encoding...
      ✓ Valid on first attempt

================================================================================
PHASE 1 - Processing: r119.txt
================================================================================
    Generating encoding...
      ✓ Valid on first attempt

================================================================================
PHASE 1 - Processing: r120.txt
================================================================================
    Generating encoding...
      ✓ Valid on first attempt

================================================================================
PHASE 1 - Processing: r121.txt
================================================================================
    Generating encoding...
      ✓ Valid on first attempt

================================================================================
PHASE 1 - Processing: r122.txt
================================================================================
    Generating encoding...
      ✓ Valid on first attempt

================================================================================
PHASE 1 - Processing: r123.txt
================================================================================
    Generating encoding...
      ✓ Valid on first attempt

================================================================================
PHASE 1 - Processing: r124.txt
================================================================================
    Generating encoding...
      ✓ Valid on first attempt

================================================================================
PHASE 1 - Processing: r125.txt
================================================================================
    Generating encoding...
      ✓ Valid on first attempt

================================================================================
PHASE 1 - Processing: r126.txt
================================================================================
    Generating encoding...
      ✓ Valid on first attempt

================================================================================
PHASE 1 - Processing: r127.txt
================================================================================
    Generating encoding...
      ✓ Valid on first attempt

================================================================================
PHASE 1 - Processing: r128.txt
================================================================================
    Generating encoding...
      ✓ Valid on first attempt

================================================================================
PHASE 1 - Processing: r129.txt
================================================================================
    Generating encoding...
      ✓ Valid on first attempt

================================================================================
PHASE 1 - Processing: r130.txt
================================================================================
    Generating encoding...
      ⚠ Attempt 1 failed:
         Error: (error "line 633 column 25: unknown constant is-moving (Vehicle Int) ")
      🔧 Requesting repair (attempt 2)...
      ✓ Repaired successfully after 1 attempt(s)

================================================================================
PHASE 1 - Processing: r131.txt
================================================================================
    Generating encoding...
      ✓ Valid on first attempt

================================================================================
PHASE 1 - Processing: r132.txt
================================================================================
    Generating encoding...
      ✓ Valid on first attempt

================================================================================
PHASE 1 - Processing: r133.txt
================================================================================
    Generating encoding...
      ✓ Valid on first attempt

================================================================================
PHASE 1 - Processing: r134.txt
================================================================================
    Generating encoding...
      ✓ Valid on first attempt

================================================================================
PHASE 1 - Processing: r135.txt
================================================================================
    Generating encoding...
      ✓ Valid on first attempt

================================================================================
PHASE 1 - Processing: r136.txt
================================================================================
    Generating encoding...
      ✓ Valid on first attempt

================================================================================
PHASE 1 - Processing: r137.txt
================================================================================
    Generating encoding...
      ✓ Valid on first attempt

================================================================================
PHASE 1 - Processing: r138.txt
================================================================================
    Generating encoding...
      ⚠ Attempt 1 failed:
         Error: (error "line 633 column 33: invalid function application, arguments missing")
      🔧 Requesting repair (attempt 2)...
      ✓ Repaired successfully after 1 attempt(s)

================================================================================
PHASE 1 - Processing: r139.txt
================================================================================
    Generating encoding...
      ✓ Valid on first attempt

================================================================================
PHASE 1 - Processing: r140.txt
================================================================================
    Generating encoding...
      ✓ Valid on first attempt

================================================================================
PHASE 1 - Processing: r141.txt
================================================================================
    Generating encoding...
      ✓ Valid on first attempt

================================================================================
PHASE 1 - Processing: r142.txt
================================================================================
    Generating encoding...
      ✓ Valid on first attempt

================================================================================
PHASE 1 - Processing: r143.txt
================================================================================
    Generating encoding...
      ✓ Valid on first attempt

================================================================================
PHASE 1 - Processing: r144.txt
================================================================================
    Generating encoding...
      ✓ Valid on first attempt

================================================================================
PHASE 1 - Processing: r145.txt
================================================================================
    Generating encoding...
      ✓ Valid on first attempt

================================================================================
PHASE 1 - Processing: r146.txt
================================================================================
    Generating encoding...
      ⚠ Attempt 1 failed:
         Error: (error "line 632 column 43: unknown constant streetcar_state (Vehicle Int StreetcarState) 
declared: (declare-fun streetcar_state (Vehicle Int) StreetcarState) ")
      🔧 Requesting repair (attempt 2)...
      ✓ Repaired successfully after 1 attempt(s)

================================================================================
PHASE 1 - Processing: r147.txt
================================================================================
    Generating encoding...
      ✓ Valid on first attempt

================================================================================
PHASE 1 - Processing: r148.txt
================================================================================
    Generating encoding...
      ✓ Valid on first attempt

================================================================================
PHASE 1 - Processing: r149.txt
================================================================================
    Generating encoding...
      ✓ Valid on first attempt

================================================================================
PHASE 1 - Processing: r150.txt
================================================================================
    Generating encoding...
      ✓ Valid on first attempt

================================================================================
PHASE 2 - Translating: r001.txt
================================================================================

================================================================================
PHASE 2 - Translating: r002.txt
================================================================================

================================================================================
PHASE 2 - Translating: r003.txt
================================================================================

================================================================================
PHASE 2 - Translating: r004.txt
================================================================================

================================================================================
PHASE 2 - Translating: r005.txt
================================================================================

================================================================================
PHASE 2 - Translating: r006.txt
================================================================================

================================================================================
PHASE 2 - Translating: r007.txt
================================================================================

================================================================================
PHASE 2 - Translating: r008.txt
================================================================================

================================================================================
PHASE 2 - Translating: r009.txt
================================================================================

================================================================================
PHASE 2 - Translating: r010.txt
================================================================================

================================================================================
PHASE 2 - Translating: r011.txt
================================================================================

================================================================================
PHASE 2 - Translating: r012.txt
================================================================================

================================================================================
PHASE 2 - Translating: r013.txt
================================================================================

================================================================================
PHASE 2 - Translating: r014.txt
================================================================================

================================================================================
PHASE 2 - Translating: r015.txt
================================================================================

================================================================================
PHASE 2 - Translating: r016.txt
================================================================================

================================================================================
PHASE 2 - Translating: r017.txt
================================================================================

================================================================================
PHASE 2 - Translating: r018.txt
================================================================================

================================================================================
PHASE 2 - Translating: r019.txt
================================================================================

================================================================================
PHASE 2 - Translating: r020.txt
================================================================================

================================================================================
PHASE 2 - Translating: r021.txt
================================================================================

================================================================================
PHASE 2 - Translating: r022.txt
================================================================================

================================================================================
PHASE 2 - Translating: r023.txt
================================================================================

================================================================================
PHASE 2 - Translating: r024.txt
================================================================================

================================================================================
PHASE 2 - Translating: r025.txt
================================================================================

================================================================================
PHASE 2 - Translating: r026.txt
================================================================================

================================================================================
PHASE 2 - Translating: r027.txt
================================================================================

================================================================================
PHASE 2 - Translating: r028.txt
================================================================================

================================================================================
PHASE 2 - Translating: r029.txt
================================================================================

================================================================================
PHASE 2 - Translating: r030.txt
================================================================================

================================================================================
PHASE 2 - Translating: r031.txt
================================================================================

================================================================================
PHASE 2 - Translating: r032.txt
================================================================================

================================================================================
PHASE 2 - Translating: r033.txt
================================================================================

================================================================================
PHASE 2 - Translating: r034.txt
================================================================================

================================================================================
PHASE 2 - Translating: r035.txt
================================================================================

================================================================================
PHASE 2 - Translating: r036.txt
================================================================================

================================================================================
PHASE 2 - Translating: r037.txt
================================================================================

================================================================================
PHASE 2 - Translating: r038.txt
================================================================================

================================================================================
PHASE 2 - Translating: r039.txt
================================================================================

================================================================================
PHASE 2 - Translating: r040.txt
================================================================================

================================================================================
PHASE 2 - Translating: r041.txt
================================================================================

================================================================================
PHASE 2 - Translating: r042.txt
================================================================================

================================================================================
PHASE 2 - Translating: r043.txt
================================================================================

================================================================================
PHASE 2 - Translating: r044.txt
================================================================================

================================================================================
PHASE 2 - Translating: r045.txt
================================================================================

================================================================================
PHASE 2 - Translating: r046.txt
================================================================================

================================================================================
PHASE 2 - Translating: r047.txt
================================================================================

================================================================================
PHASE 2 - Translating: r048.txt
================================================================================

================================================================================
PHASE 2 - Translating: r049.txt
================================================================================

================================================================================
PHASE 2 - Translating: r050.txt
================================================================================

================================================================================
PHASE 2 - Translating: r051.txt
================================================================================

================================================================================
PHASE 2 - Translating: r052.txt
================================================================================

================================================================================
PHASE 2 - Translating: r053.txt
================================================================================

================================================================================
PHASE 2 - Translating: r054.txt
================================================================================

================================================================================
PHASE 2 - Translating: r055.txt
================================================================================

================================================================================
PHASE 2 - Translating: r056.txt
================================================================================

================================================================================
PHASE 2 - Translating: r057.txt
================================================================================

================================================================================
PHASE 2 - Translating: r058.txt
================================================================================

================================================================================
PHASE 2 - Translating: r059.txt
================================================================================

================================================================================
PHASE 2 - Translating: r060.txt
================================================================================

================================================================================
PHASE 2 - Translating: r061.txt
================================================================================

================================================================================
PHASE 2 - Translating: r062.txt
================================================================================

================================================================================
PHASE 2 - Translating: r063.txt
================================================================================

================================================================================
PHASE 2 - Translating: r064.txt
================================================================================

================================================================================
PHASE 2 - Translating: r065.txt
================================================================================

================================================================================
PHASE 2 - Translating: r066.txt
================================================================================

================================================================================
PHASE 2 - Translating: r067.txt
================================================================================

================================================================================
PHASE 2 - Translating: r068.txt
================================================================================

================================================================================
PHASE 2 - Translating: r069.txt
================================================================================

================================================================================
PHASE 2 - Translating: r070.txt
================================================================================

================================================================================
PHASE 2 - Translating: r071.txt
================================================================================

================================================================================
PHASE 2 - Translating: r072.txt
================================================================================

================================================================================
PHASE 2 - Translating: r073.txt
================================================================================

================================================================================
PHASE 2 - Translating: r074.txt
================================================================================

================================================================================
PHASE 2 - Translating: r075.txt
================================================================================

================================================================================
PHASE 2 - Translating: r076.txt
================================================================================

================================================================================
PHASE 2 - Translating: r077.txt
================================================================================

================================================================================
PHASE 2 - Translating: r078.txt
================================================================================

================================================================================
PHASE 2 - Translating: r079.txt
================================================================================

================================================================================
PHASE 2 - Translating: r080.txt
================================================================================

================================================================================
PHASE 2 - Translating: r081.txt
================================================================================

================================================================================
PHASE 2 - Translating: r082.txt
================================================================================

================================================================================
PHASE 2 - Translating: r083.txt
================================================================================

================================================================================
PHASE 2 - Translating: r084.txt
================================================================================

================================================================================
PHASE 2 - Translating: r085.txt
================================================================================

================================================================================
PHASE 2 - Translating: r086.txt
================================================================================

================================================================================
PHASE 2 - Translating: r087.txt
================================================================================

================================================================================
PHASE 2 - Translating: r088.txt
================================================================================

================================================================================
PHASE 2 - Translating: r089.txt
================================================================================

================================================================================
PHASE 2 - Translating: r090.txt
================================================================================

================================================================================
PHASE 2 - Translating: r091.txt
================================================================================

================================================================================
PHASE 2 - Translating: r092.txt
================================================================================

================================================================================
PHASE 2 - Translating: r093.txt
================================================================================

================================================================================
PHASE 2 - Translating: r094.txt
================================================================================

================================================================================
PHASE 2 - Translating: r095.txt
================================================================================

================================================================================
PHASE 2 - Translating: r096.txt
================================================================================

================================================================================
PHASE 2 - Translating: r097.txt
================================================================================

================================================================================
PHASE 2 - Translating: r098.txt
================================================================================

================================================================================
PHASE 2 - Translating: r099.txt
================================================================================

================================================================================
PHASE 2 - Translating: r100.txt
================================================================================

================================================================================
PHASE 2 - Translating: r101.txt
================================================================================

================================================================================
PHASE 2 - Translating: r102.txt
================================================================================

================================================================================
PHASE 2 - Translating: r103.txt
================================================================================

================================================================================
PHASE 2 - Translating: r104.txt
================================================================================

================================================================================
PHASE 2 - Translating: r105.txt
================================================================================

================================================================================
PHASE 2 - Translating: r106.txt
================================================================================

================================================================================
PHASE 2 - Translating: r107.txt
================================================================================

================================================================================
PHASE 2 - Translating: r108.txt
================================================================================

================================================================================
PHASE 2 - Translating: r109.txt
================================================================================

================================================================================
PHASE 2 - Translating: r110.txt
================================================================================

================================================================================
PHASE 2 - Translating: r111.txt
================================================================================

================================================================================
PHASE 2 - Translating: r112.txt
================================================================================

================================================================================
PHASE 2 - Translating: r113.txt
================================================================================

================================================================================
PHASE 2 - Translating: r114.txt
================================================================================

================================================================================
PHASE 2 - Translating: r115.txt
================================================================================

================================================================================
PHASE 2 - Translating: r116.txt
================================================================================

================================================================================
PHASE 2 - Translating: r117.txt
================================================================================

================================================================================
PHASE 2 - Translating: r118.txt
================================================================================

================================================================================
PHASE 2 - Translating: r119.txt
================================================================================

================================================================================
PHASE 2 - Translating: r120.txt
================================================================================

================================================================================
PHASE 2 - Translating: r121.txt
================================================================================

================================================================================
PHASE 2 - Translating: r122.txt
================================================================================

================================================================================
PHASE 2 - Translating: r123.txt
================================================================================

================================================================================
PHASE 2 - Translating: r124.txt
================================================================================

================================================================================
PHASE 2 - Translating: r125.txt
================================================================================

================================================================================
PHASE 2 - Translating: r126.txt
================================================================================

================================================================================
PHASE 2 - Translating: r127.txt
================================================================================

================================================================================
PHASE 2 - Translating: r128.txt
================================================================================

================================================================================
PHASE 2 - Translating: r129.txt
================================================================================

================================================================================
PHASE 2 - Translating: r130.txt
================================================================================

================================================================================
PHASE 2 - Translating: r131.txt
================================================================================

================================================================================
PHASE 2 - Translating: r132.txt
================================================================================

================================================================================
PHASE 2 - Translating: r133.txt
================================================================================

================================================================================
PHASE 2 - Translating: r134.txt
================================================================================

================================================================================
PHASE 2 - Translating: r135.txt
================================================================================

================================================================================
PHASE 2 - Translating: r136.txt
================================================================================

================================================================================
PHASE 2 - Translating: r137.txt
================================================================================

================================================================================
PHASE 2 - Translating: r138.txt
================================================================================

================================================================================
PHASE 2 - Translating: r139.txt
================================================================================

================================================================================
PHASE 2 - Translating: r140.txt
================================================================================

================================================================================
PHASE 2 - Translating: r141.txt
================================================================================

================================================================================
PHASE 2 - Translating: r142.txt
================================================================================

================================================================================
PHASE 2 - Translating: r143.txt
================================================================================

================================================================================
PHASE 2 - Translating: r144.txt
================================================================================

================================================================================
PHASE 2 - Translating: r145.txt
================================================================================

================================================================================
PHASE 2 - Translating: r146.txt
================================================================================

================================================================================
PHASE 2 - Translating: r147.txt
================================================================================

================================================================================
PHASE 2 - Translating: r148.txt
================================================================================

================================================================================
PHASE 2 - Translating: r149.txt
================================================================================

================================================================================
PHASE 2 - Translating: r150.txt
================================================================================

================================================================================
PHASE 3 - Encoding: r001.txt
================================================================================
      ✓ Valid on first attempt

================================================================================
PHASE 3 - Encoding: r002.txt
================================================================================
      ✓ Valid on first attempt

================================================================================
PHASE 3 - Encoding: r003.txt
================================================================================
      ✓ Valid on first attempt

================================================================================
PHASE 3 - Encoding: r004.txt
================================================================================
      ✓ Valid on first attempt

================================================================================
PHASE 3 - Encoding: r005.txt
================================================================================
      ✓ Valid on first attempt

================================================================================
PHASE 3 - Encoding: r006.txt
================================================================================
      ✓ Valid on first attempt

================================================================================
PHASE 3 - Encoding: r007.txt
================================================================================
      ✓ Valid on first attempt

================================================================================
PHASE 3 - Encoding: r008.txt
================================================================================
      ✓ Valid on first attempt

================================================================================
PHASE 3 - Encoding: r009.txt
================================================================================
      ✓ Valid on first attempt

================================================================================
PHASE 3 - Encoding: r010.txt
================================================================================
      ✓ Valid on first attempt

================================================================================
PHASE 3 - Encoding: r011.txt
================================================================================
      ✓ Valid on first attempt

================================================================================
PHASE 3 - Encoding: r012.txt
================================================================================
      ✓ Valid on first attempt

================================================================================
PHASE 3 - Encoding: r013.txt
================================================================================
      ✓ Valid on first attempt

================================================================================
PHASE 3 - Encoding: r014.txt
================================================================================
      ✓ Valid on first attempt

================================================================================
PHASE 3 - Encoding: r015.txt
================================================================================
      ✓ Valid on first attempt

================================================================================
PHASE 3 - Encoding: r016.txt
================================================================================
      ✓ Valid on first attempt

================================================================================
PHASE 3 - Encoding: r017.txt
================================================================================
      ✓ Valid on first attempt

================================================================================
PHASE 3 - Encoding: r018.txt
================================================================================
      ✓ Valid on first attempt

================================================================================
PHASE 3 - Encoding: r019.txt
================================================================================
      ✓ Valid on first attempt

================================================================================
PHASE 3 - Encoding: r020.txt
================================================================================
      ✓ Valid on first attempt

================================================================================
PHASE 3 - Encoding: r021.txt
================================================================================
      ✓ Valid on first attempt

================================================================================
PHASE 3 - Encoding: r022.txt
================================================================================
      ✓ Valid on first attempt

================================================================================
PHASE 3 - Encoding: r023.txt
================================================================================
      ✓ Valid on first attempt

================================================================================
PHASE 3 - Encoding: r024.txt
================================================================================
      ✓ Valid on first attempt

================================================================================
PHASE 3 - Encoding: r025.txt
================================================================================
      ✓ Valid on first attempt

================================================================================
PHASE 3 - Encoding: r026.txt
================================================================================
      ✓ Valid on first attempt

================================================================================
PHASE 3 - Encoding: r027.txt
================================================================================
      ✓ Valid on first attempt

================================================================================
PHASE 3 - Encoding: r028.txt
================================================================================
      ✓ Valid on first attempt

================================================================================
PHASE 3 - Encoding: r029.txt
================================================================================
      ✓ Valid on first attempt

================================================================================
PHASE 3 - Encoding: r030.txt
================================================================================
      ⚠ Attempt 1 failed:
         Error: (error "line 649 column 44: Sort mismatch at argument #2 for function (declare-fun and (Bool Bool) Bool) supplied sort is Roadway")
      🔧 Requesting repair (attempt 2)...
      ✓ Repaired successfully after 1 attempt(s)

================================================================================
PHASE 3 - Encoding: r031.txt
================================================================================
      ✓ Valid on first attempt

================================================================================
PHASE 3 - Encoding: r032.txt
================================================================================
      ✓ Valid on first attempt

================================================================================
PHASE 3 - Encoding: r033.txt
================================================================================
      ✓ Valid on first attempt

================================================================================
PHASE 3 - Encoding: r034.txt
================================================================================
      ✓ Valid on first attempt

================================================================================
PHASE 3 - Encoding: r035.txt
================================================================================
      ✓ Valid on first attempt

================================================================================
PHASE 3 - Encoding: r036.txt
================================================================================
      ✓ Valid on first attempt

================================================================================
PHASE 3 - Encoding: r037.txt
================================================================================
      ✓ Valid on first attempt

================================================================================
PHASE 3 - Encoding: r038.txt
================================================================================
      ✓ Valid on first attempt

================================================================================
PHASE 3 - Encoding: r039.txt
================================================================================
      ✓ Valid on first attempt

================================================================================
PHASE 3 - Encoding: r040.txt
================================================================================
      ✓ Valid on first attempt

================================================================================
PHASE 3 - Encoding: r041.txt
================================================================================
      ✓ Valid on first attempt

================================================================================
PHASE 3 - Encoding: r042.txt
================================================================================
      ✓ Valid on first attempt

================================================================================
PHASE 3 - Encoding: r043.txt
================================================================================
      ✓ Valid on first attempt

================================================================================
PHASE 3 - Encoding: r044.txt
================================================================================
      ✓ Valid on first attempt

================================================================================
PHASE 3 - Encoding: r045.txt
================================================================================
      ✓ Valid on first attempt

================================================================================
PHASE 3 - Encoding: r046.txt
================================================================================
      ✓ Valid on first attempt

================================================================================
PHASE 3 - Encoding: r047.txt
================================================================================
      ✓ Valid on first attempt

================================================================================
PHASE 3 - Encoding: r048.txt
================================================================================
      ✓ Valid on first attempt

================================================================================
PHASE 3 - Encoding: r049.txt
================================================================================
      ✓ Valid on first attempt

================================================================================
PHASE 3 - Encoding: r050.txt
================================================================================
      ✓ Valid on first attempt

================================================================================
PHASE 3 - Encoding: r051.txt
================================================================================
      ✓ Valid on first attempt

================================================================================
PHASE 3 - Encoding: r052.txt
================================================================================
      ✓ Valid on first attempt

================================================================================
PHASE 3 - Encoding: r053.txt
================================================================================
      ✓ Valid on first attempt

================================================================================
PHASE 3 - Encoding: r054.txt
================================================================================
      ✓ Valid on first attempt

================================================================================
PHASE 3 - Encoding: r055.txt
================================================================================
      ✓ Valid on first attempt

================================================================================
PHASE 3 - Encoding: r056.txt
================================================================================
      ✓ Valid on first attempt

================================================================================
PHASE 3 - Encoding: r057.txt
================================================================================
      ✓ Valid on first attempt

================================================================================
PHASE 3 - Encoding: r058.txt
================================================================================
      ✓ Valid on first attempt

================================================================================
PHASE 3 - Encoding: r059.txt
================================================================================
      ✓ Valid on first attempt

================================================================================
PHASE 3 - Encoding: r060.txt
================================================================================
      ✓ Valid on first attempt

================================================================================
PHASE 3 - Encoding: r061.txt
================================================================================
      ✓ Valid on first attempt

================================================================================
PHASE 3 - Encoding: r062.txt
================================================================================
      ✓ Valid on first attempt

================================================================================
PHASE 3 - Encoding: r063.txt
================================================================================
      ✓ Valid on first attempt

================================================================================
PHASE 3 - Encoding: r064.txt
================================================================================
      ✓ Valid on first attempt

================================================================================
PHASE 3 - Encoding: r065.txt
================================================================================
      ✓ Valid on first attempt

================================================================================
PHASE 3 - Encoding: r066.txt
================================================================================
      ✓ Valid on first attempt

================================================================================
PHASE 3 - Encoding: r067.txt
================================================================================
      ✓ Valid on first attempt

================================================================================
PHASE 3 - Encoding: r068.txt
================================================================================
      ✓ Valid on first attempt

================================================================================
PHASE 3 - Encoding: r069.txt
================================================================================
      ✓ Valid on first attempt

================================================================================
PHASE 3 - Encoding: r070.txt
================================================================================
      ✓ Valid on first attempt

================================================================================
PHASE 3 - Encoding: r071.txt
================================================================================
      ✓ Valid on first attempt

================================================================================
PHASE 3 - Encoding: r072.txt
================================================================================
      ✓ Valid on first attempt

================================================================================
PHASE 3 - Encoding: r073.txt
================================================================================
      ✓ Valid on first attempt

================================================================================
PHASE 3 - Encoding: r074.txt
================================================================================
      ✓ Valid on first attempt

================================================================================
PHASE 3 - Encoding: r075.txt
================================================================================
      ✓ Valid on first attempt

================================================================================
PHASE 3 - Encoding: r076.txt
================================================================================
      ✓ Valid on first attempt

================================================================================
PHASE 3 - Encoding: r077.txt
================================================================================
      ✓ Valid on first attempt

================================================================================
PHASE 3 - Encoding: r078.txt
================================================================================
      ✓ Valid on first attempt

================================================================================
PHASE 3 - Encoding: r079.txt
================================================================================
      ✓ Valid on first attempt

================================================================================
PHASE 3 - Encoding: r080.txt
================================================================================
      ✓ Valid on first attempt

================================================================================
PHASE 3 - Encoding: r081.txt
================================================================================
      ✓ Valid on first attempt

================================================================================
PHASE 3 - Encoding: r082.txt
================================================================================
      ✓ Valid on first attempt

================================================================================
PHASE 3 - Encoding: r083.txt
================================================================================
      ✓ Valid on first attempt

================================================================================
PHASE 3 - Encoding: r084.txt
================================================================================
      ✓ Valid on first attempt

================================================================================
PHASE 3 - Encoding: r085.txt
================================================================================
      ✓ Valid on first attempt

================================================================================
PHASE 3 - Encoding: r086.txt
================================================================================
      ✓ Valid on first attempt

================================================================================
PHASE 3 - Encoding: r087.txt
================================================================================
      ✓ Valid on first attempt

================================================================================
PHASE 3 - Encoding: r088.txt
================================================================================
      ✓ Valid on first attempt

================================================================================
PHASE 3 - Encoding: r089.txt
================================================================================
      ✓ Valid on first attempt

================================================================================
PHASE 3 - Encoding: r090.txt
================================================================================
      ✓ Valid on first attempt

================================================================================
PHASE 3 - Encoding: r091.txt
================================================================================
      ✓ Valid on first attempt

================================================================================
PHASE 3 - Encoding: r092.txt
================================================================================
      ✓ Valid on first attempt

================================================================================
PHASE 3 - Encoding: r093.txt
================================================================================
      ✓ Valid on first attempt

================================================================================
PHASE 3 - Encoding: r094.txt
================================================================================
      ✓ Valid on first attempt

================================================================================
PHASE 3 - Encoding: r095.txt
================================================================================
      ✓ Valid on first attempt

================================================================================
PHASE 3 - Encoding: r096.txt
================================================================================
      ✓ Valid on first attempt

================================================================================
PHASE 3 - Encoding: r097.txt
================================================================================
      ✓ Valid on first attempt

================================================================================
PHASE 3 - Encoding: r098.txt
================================================================================
      ✓ Valid on first attempt

================================================================================
PHASE 3 - Encoding: r099.txt
================================================================================
      ✓ Valid on first attempt

================================================================================
PHASE 3 - Encoding: r100.txt
================================================================================
      ✓ Valid on first attempt

================================================================================
PHASE 3 - Encoding: r101.txt
================================================================================
      ✓ Valid on first attempt

================================================================================
PHASE 3 - Encoding: r102.txt
================================================================================
      ✓ Valid on first attempt

================================================================================
PHASE 3 - Encoding: r103.txt
================================================================================
      ✓ Valid on first attempt

================================================================================
PHASE 3 - Encoding: r104.txt
================================================================================
      ✓ Valid on first attempt

================================================================================
PHASE 3 - Encoding: r105.txt
================================================================================
      ✓ Valid on first attempt

================================================================================
PHASE 3 - Encoding: r106.txt
================================================================================
      ✓ Valid on first attempt

================================================================================
PHASE 3 - Encoding: r107.txt
================================================================================
      ✓ Valid on first attempt

================================================================================
PHASE 3 - Encoding: r108.txt
================================================================================
      ✓ Valid on first attempt

================================================================================
PHASE 3 - Encoding: r109.txt
================================================================================
      ✓ Valid on first attempt

================================================================================
PHASE 3 - Encoding: r110.txt
================================================================================
      ✓ Valid on first attempt

================================================================================
PHASE 3 - Encoding: r111.txt
================================================================================
      ✓ Valid on first attempt

================================================================================
PHASE 3 - Encoding: r112.txt
================================================================================
      ✓ Valid on first attempt

================================================================================
PHASE 3 - Encoding: r113.txt
================================================================================
      ✓ Valid on first attempt

================================================================================
PHASE 3 - Encoding: r114.txt
================================================================================
      ✓ Valid on first attempt

================================================================================
PHASE 3 - Encoding: r115.txt
================================================================================
      ✓ Valid on first attempt

================================================================================
PHASE 3 - Encoding: r116.txt
================================================================================
      ✓ Valid on first attempt

================================================================================
PHASE 3 - Encoding: r117.txt
================================================================================
      ✓ Valid on first attempt

================================================================================
PHASE 3 - Encoding: r118.txt
================================================================================
      ✓ Valid on first attempt

================================================================================
PHASE 3 - Encoding: r119.txt
================================================================================
      ✓ Valid on first attempt

================================================================================
PHASE 3 - Encoding: r120.txt
================================================================================
      ✓ Valid on first attempt

================================================================================
PHASE 3 - Encoding: r121.txt
================================================================================
      ✓ Valid on first attempt

================================================================================
PHASE 3 - Encoding: r122.txt
================================================================================
      ✓ Valid on first attempt

================================================================================
PHASE 3 - Encoding: r123.txt
================================================================================
      ✓ Valid on first attempt

================================================================================
PHASE 3 - Encoding: r124.txt
================================================================================
      ✓ Valid on first attempt

================================================================================
PHASE 3 - Encoding: r125.txt
================================================================================
      ✓ Valid on first attempt

================================================================================
PHASE 3 - Encoding: r126.txt
================================================================================
      ✓ Valid on first attempt

================================================================================
PHASE 3 - Encoding: r127.txt
================================================================================
      ✓ Valid on first attempt

================================================================================
PHASE 3 - Encoding: r128.txt
================================================================================
      ✓ Valid on first attempt

================================================================================
PHASE 3 - Encoding: r129.txt
================================================================================
      ✓ Valid on first attempt

================================================================================
PHASE 3 - Encoding: r130.txt
================================================================================
      ✓ Valid on first attempt

================================================================================
PHASE 3 - Encoding: r131.txt
================================================================================
      ⚠ Attempt 1 failed:
         Error: (error "line 634 column 25: unknown constant is-moving (Vehicle Int) ")
      🔧 Requesting repair (attempt 2)...
      ✓ Repaired successfully after 1 attempt(s)

================================================================================
PHASE 3 - Encoding: r132.txt
================================================================================
      ✓ Valid on first attempt

================================================================================
PHASE 3 - Encoding: r133.txt
================================================================================
      ✓ Valid on first attempt

================================================================================
PHASE 3 - Encoding: r134.txt
================================================================================
      ✓ Valid on first attempt

================================================================================
PHASE 3 - Encoding: r135.txt
================================================================================
      ✓ Valid on first attempt

================================================================================
PHASE 3 - Encoding: r136.txt
================================================================================
      ✓ Valid on first attempt

================================================================================
PHASE 3 - Encoding: r137.txt
================================================================================
      ✓ Valid on first attempt

================================================================================
PHASE 3 - Encoding: r138.txt
================================================================================
      ✓ Valid on first attempt

================================================================================
PHASE 3 - Encoding: r139.txt
================================================================================
      ✓ Valid on first attempt

================================================================================
PHASE 3 - Encoding: r140.txt
================================================================================
      ✓ Valid on first attempt

================================================================================
PHASE 3 - Encoding: r141.txt
================================================================================
      ✓ Valid on first attempt

================================================================================
PHASE 3 - Encoding: r142.txt
================================================================================
      ✓ Valid on first attempt

================================================================================
PHASE 3 - Encoding: r143.txt
================================================================================
      ⚠ Attempt 1 failed:
         Error: (error "line 632 column 40: unknown constant roadway_divided (Roadway DividedKind) 
declared: (declare-fun roadway_divided (Roadway) DividedKind) ")
      🔧 Requesting repair (attempt 2)...
      ✓ Repaired successfully after 1 attempt(s)

================================================================================
PHASE 3 - Encoding: r144.txt
================================================================================
      ✓ Valid on first attempt

================================================================================
PHASE 3 - Encoding: r145.txt
================================================================================
      ✓ Valid on first attempt

================================================================================
PHASE 3 - Encoding: r146.txt
================================================================================
      ✓ Valid on first attempt

================================================================================
PHASE 3 - Encoding: r147.txt
================================================================================
      ✓ Valid on first attempt

================================================================================
PHASE 3 - Encoding: r148.txt
================================================================================
      ✓ Valid on first attempt

================================================================================
PHASE 3 - Encoding: r149.txt
================================================================================
      ✓ Valid on first attempt

================================================================================
PHASE 3 - Encoding: r150.txt
================================================================================
      ✓ Valid on first attempt
